{
  "info": {
    "name": "TaskFlow API",
    "description": "Complete API collection for TaskFlow Project Management System",
    "schema": "https://schema.getpostman.com/json/collection/v2.1.0/collection.json"
  },
  "item": [
    {
      "name": "Authentication",
      "item": [
        {
          "name": "Register",
          "request": {
            "method": "POST",
            "header": [],
            "body": {
              "mode": "raw",
              "raw": "{\n  \"email\": \"user@example.com\",\n  \"password\": \"password123\",\n  \"name\": \"John Doe\",\n  \"role\": \"member\"\n}"
            },
            "url": {
              "raw": "{{baseUrl}}/api/v1/auth/register",
              "host": ["{{baseUrl}}"],
              "path": ["api", "v1", "auth", "register"]
            }
          }
        },
        {
          "name": "Login",
          "request": {
            "method": "POST",
            "header": [],
            "body": {
              "mode": "raw",
              "raw": "{\n  \"email\": \"admin@taskflow.com\",\n  \"password\": \"password123\"\n}"
            },
            "url": {
              "raw": "{{baseUrl}}/api/v1/auth/login",
              "host": ["{{baseUrl}}"],
              "path": ["api", "v1", "auth", "login"]
            }
          }
        },
        {
          "name": "Get Current User",
          "request": {
            "method": "GET",
            "header": [
              {
                "key": "Authorization",
                "value": "Bearer {{token}}"
              }
            ],
            "url": {
              "raw": "{{baseUrl}}/api/v1/auth/me",
              "host": ["{{baseUrl}}"],
              "path": ["api", "v1", "auth", "me"]
            }
          }
        }
      ]
    },
    {
      "name": "Projects",
      "item": [
        {
          "name": "Get All Projects",
          "request": {
            "method": "GET",
            "header": [
              {
                "key": "Authorization",
                "value": "Bearer {{token}}"
              }
            ],
            "url": {
              "raw": "{{baseUrl}}/api/v1/projects?page=1&limit=10",
              "host": ["{{baseUrl}}"],
              "path": ["api", "v1", "projects"],
              "query": [
                {"key": "page", "value": "1"},
                {"key": "limit", "value": "10"}
              ]
            }
          }
        },
        {
          "name": "Get Project by ID",
          "request": {
            "method": "GET",
            "header": [
              {
                "key": "Authorization",
                "value": "Bearer {{token}}"
              }
            ],
            "url": {
              "raw": "{{baseUrl}}/api/v1/projects/1",
              "host": ["{{baseUrl}}"],
              "path": ["api", "v1", "projects", "1"]
            }
          }
        },
        {
          "name": "Create Project",
          "request": {
            "method": "POST",
            "header": [
              {
                "key": "Authorization",
                "value": "Bearer {{token}}"
              }
            ],
            "body": {
              "mode": "raw",
              "raw": "{\n  \"name\": \"New Project\",\n  \"description\": \"Project description\",\n  \"start_date\": \"2024-01-01\",\n  \"end_date\": \"2024-12-31\",\n  \"status\": \"planning\"\n}"
            },
            "url": {
              "raw": "{{baseUrl}}/api/v1/projects",
              "host": ["{{baseUrl}}"],
              "path": ["api", "v1", "projects"]
            }
          }
        },
        {
          "name": "Update Project",
          "request": {
            "method": "PUT",
            "header": [
              {
                "key": "Authorization",
                "value": "Bearer {{token}}"
              }
            ],
            "body": {
              "mode": "raw",
              "raw": "{\n  \"status\": \"active\"\n}"
            },
            "url": {
              "raw": "{{baseUrl}}/api/v1/projects/1",
              "host": ["{{baseUrl}}"],
              "path": ["api", "v1", "projects", "1"]
            }
          }
        },
        {
          "name": "Get Project Hierarchy",
          "request": {
            "method": "GET",
            "header": [
              {
                "key": "Authorization",
                "value": "Bearer {{token}}"
              }
            ],
            "url": {
              "raw": "{{baseUrl}}/api/v1/projects/1/hierarchy",
              "host": ["{{baseUrl}}"],
              "path": ["api", "v1", "projects", "1", "hierarchy"]
            }
          }
        }
      ]
    },
    {
      "name": "Tasks",
      "item": [
        {
          "name": "Get All Tasks",
          "request": {
            "method": "GET",
            "header": [
              {
                "key": "Authorization",
                "value": "Bearer {{token}}"
              }
            ],
            "url": {
              "raw": "{{baseUrl}}/api/v1/tasks?project_id=1",
              "host": ["{{baseUrl}}"],
              "path": ["api", "v1", "tasks"],
              "query": [{"key": "project_id", "value": "1"}]
            }
          }
        },
        {
          "name": "Get Task by ID",
          "request": {
            "method": "GET",
            "header": [
              {
                "key": "Authorization",
                "value": "Bearer {{token}}"
              }
            ],
            "url": {
              "raw": "{{baseUrl}}/api/v1/tasks/1",
              "host": ["{{baseUrl}}"],
              "path": ["api", "v1", "tasks", "1"]
            }
          }
        },
        {
          "name": "Create Task",
          "request": {
            "method": "POST",
            "header": [
              {
                "key": "Authorization",
                "value": "Bearer {{token}}"
              }
            ],
            "body": {
              "mode": "raw",
              "raw": "{\n  \"title\": \"New Task\",\n  \"description\": \"Task description\",\n  \"project_id\": 1,\n  \"priority\": \"high\",\n  \"status\": \"todo\",\n  \"due_date\": \"2024-12-31T23:59:59\",\n  \"estimated_hours\": 8.0\n}"
            },
            "url": {
              "raw": "{{baseUrl}}/api/v1/tasks",
              "host": ["{{baseUrl}}"],
              "path": ["api", "v1", "tasks"]
            }
          }
        },
        {
          "name": "Update Task",
          "request": {
            "method": "PUT",
            "header": [
              {
                "key": "Authorization",
                "value": "Bearer {{token}}"
              }
            ],
            "body": {
              "mode": "raw",
              "raw": "{\n  \"status\": \"in-progress\"\n}"
            },
            "url": {
              "raw": "{{baseUrl}}/api/v1/tasks/1",
              "host": ["{{baseUrl}}"],
              "path": ["api", "v1", "tasks", "1"]
            }
          }
        },
        {
          "name": "Assign User to Task",
          "request": {
            "method": "POST",
            "header": [
              {
                "key": "Authorization",
                "value": "Bearer {{token}}"
              }
            ],
            "body": {
              "mode": "raw",
              "raw": "{\n  \"user_id\": 3\n}"
            },
            "url": {
              "raw": "{{baseUrl}}/api/v1/tasks/1/assignees",
              "host": ["{{baseUrl}}"],
              "path": ["api", "v1", "tasks", "1", "assignees"]
            }
          }
        },
        {
          "name": "Add Task Dependency",
          "request": {
            "method": "POST",
            "header": [
              {
                "key": "Authorization",
                "value": "Bearer {{token}}"
              }
            ],
            "body": {
              "mode": "raw",
              "raw": "{\n  \"depends_on_task_id\": 2\n}"
            },
            "url": {
              "raw": "{{baseUrl}}/api/v1/tasks/1/dependencies",
              "host": ["{{baseUrl}}"],
              "path": ["api", "v1", "tasks", "1", "dependencies"]
            }
          }
        }
      ]
    },
    {
      "name": "Teams",
      "item": [
        {
          "name": "Get All Teams",
          "request": {
            "method": "GET",
            "header": [
              {
                "key": "Authorization",
                "value": "Bearer {{token}}"
              }
            ],
            "url": {
              "raw": "{{baseUrl}}/api/v1/teams",
              "host": ["{{baseUrl}}"],
              "path": ["api", "v1", "teams"]
            }
          }
        },
        {
          "name": "Create Team",
          "request": {
            "method": "POST",
            "header": [
              {
                "key": "Authorization",
                "value": "Bearer {{token}}"
              }
            ],
            "body": {
              "mode": "raw",
              "raw": "{\n  \"name\": \"Development Team\",\n  \"description\": \"Team description\",\n  \"project_id\": 1\n}"
            },
            "url": {
              "raw": "{{baseUrl}}/api/v1/teams",
              "host": ["{{baseUrl}}"],
              "path": ["api", "v1", "teams"]
            }
          }
        },
        {
          "name": "Add Member to Team",
          "request": {
            "method": "POST",
            "header": [
              {
                "key": "Authorization",
                "value": "Bearer {{token}}"
              }
            ],
            "body": {
              "mode": "raw",
              "raw": "{\n  \"user_id\": 3,\n  \"role\": \"member\"\n}"
            },
            "url": {
              "raw": "{{baseUrl}}/api/v1/teams/1/members",
              "host": ["{{baseUrl}}"],
              "path": ["api", "v1", "teams", "1", "members"]
            }
          }
        }
      ]
    },
    {
      "name": "Comments",
      "item": [
        {
          "name": "Get Comments",
          "request": {
            "method": "GET",
            "header": [
              {
                "key": "Authorization",
                "value": "Bearer {{token}}"
              }
            ],
            "url": {
              "raw": "{{baseUrl}}/api/v1/comments?task_id=1",
              "host": ["{{baseUrl}}"],
              "path": ["api", "v1", "comments"],
              "query": [{"key": "task_id", "value": "1"}]
            }
          }
        },
        {
          "name": "Create Comment",
          "request": {
            "method": "POST",
            "header": [
              {
                "key": "Authorization",
                "value": "Bearer {{token}}"
              }
            ],
            "body": {
              "mode": "raw",
              "raw": "{\n  \"content\": \"This is a comment\",\n  \"task_id\": 1\n}"
            },
            "url": {
              "raw": "{{baseUrl}}/api/v1/comments",
              "host": ["{{baseUrl}}"],
              "path": ["api", "v1", "comments"]
            }
          }
        }
      ]
    },
    {
      "name": "Analytics",
      "item": [
        {
          "name": "Get Project Progress",
          "request": {
            "method": "GET",
            "header": [
              {
                "key": "Authorization",
                "value": "Bearer {{token}}"
              }
            ],
            "url": {
              "raw": "{{baseUrl}}/api/v1/analytics/projects/1/progress",
              "host": ["{{baseUrl}}"],
              "path": ["api", "v1", "analytics", "projects", "1", "progress"]
            }
          }
        },
        {
          "name": "Get Team Productivity",
          "request": {
            "method": "GET",
            "header": [
              {
                "key": "Authorization",
                "value": "Bearer {{token}}"
              }
            ],
            "url": {
              "raw": "{{baseUrl}}/api/v1/analytics/teams/1/productivity",
              "host": ["{{baseUrl}}"],
              "path": ["api", "v1", "analytics", "teams", "1", "productivity"]
            }
          }
        },
        {
          "name": "Get Burndown Chart",
          "request": {
            "method": "GET",
            "header": [
              {
                "key": "Authorization",
                "value": "Bearer {{token}}"
              }
            ],
            "url": {
              "raw": "{{baseUrl}}/api/v1/analytics/projects/1/burndown?days=30",
              "host": ["{{baseUrl}}"],
              "path": ["api", "v1", "analytics", "projects", "1", "burndown"],
              "query": [{"key": "days", "value": "30"}]
            }
          }
        }
      ]
    }
  ],
  "variable": [
    {
      "key": "baseUrl",
      "value": "http://localhost:3000"
    },
    {
      "key": "token",
      "value": ""
    }
  ]
}



